map_link,name,rating,speciality,contact,website_href
https://www.google.com/maps/place/Lokpriya+Hospital/data=!4m7!3m6!1s0x390c6532639f4d8d:0xf3a196a24ff7b316!8m2!3d28.9687701!4d77.7305075!16s%2Fg%2F11jknc5w8m!19sChIJjU2fYzJlDDkRFrP3T6KWofM?authuser=0&hl=en&rclk=1,Lokpriya Hospital,4.4,Hospital,081940 07414,https://www.lokpriyahospital.com/
https://www.google.com/maps/place/Chhatrapati+Shivaji+Subharti+Hospital/data=!4m7!3m6!1s0x390c669623f9406d:0xbdfd675d806fb179!8m2!3d28.9604598!4d77.6385016!16s%2Fg%2F1hf2j0vkp!19sChIJbUD5I5ZmDDkRebFvgF1n_b0?authuser=0&hl=en&rclk=1,Chhatrapati Shivaji Subharti Hospital,4.4,General hospital,096390 10313,https://hospital.subharti.org/
https://www.google.com/maps/place/Tulsi+Hospital/data=!4m7!3m6!1s0x390c64c77edca20d:0x471d129265d01415!8m2!3d28.9698908!4d77.7306821!16s%2Fg%2F11bx2hk91g!19sChIJDaLcfsdkDDkRFRTQZZISHUc?authuser=0&hl=en&rclk=1,Tulsi Hospital,4.6,Hospital,092582 84893,http://tulsihospital.org/
"https://www.google.com/maps/place/Optima+Super+Specialty+Hospital,+-Best+Hospital+in+Meerut/data=!4m7!3m6!1s0x390c6326ffdc26bd:0x64f3362910e22484!8m2!3d28.9356071!4d77.7282498!16s%2Fg%2F11kpdx6cfv!19sChIJvSbc_yZjDDkRhCTiECk282Q?authuser=0&hl=en&rclk=1","Optima Super Specialty Hospital, -Best Hospital in Meerut",4.6,Hospital,075990 00180,https://optimahospitalmeerut.com/
https://www.google.com/maps/place/SDS+Global+Super+Speciality+Hospital/data=!4m7!3m6!1s0x390c6fa4ddfc0cc5:0x59f1d6c157510e42!8m2!3d29.0674051!4d77.7095282!16s%2Fg%2F11b7y755tt!19sChIJxQz83aRvDDkRQg5RV8HW8Vk?authuser=0&hl=en&rclk=1,SDS Global Super Speciality Hospital,4.7,Hospital,070550 04227,http://www.sdsglobalhospital.com/
https://www.google.com/maps/place/Hope+Hospital/data=!4m7!3m6!1s0x390c64e2dc1cdaa3:0xdcf3f4dde6e19e8d!8m2!3d28.9881892!4d77.7119765!16s%2Fg%2F1tv22jkx!19sChIJo9oc3OJkDDkRjZ7h5t3089w?authuser=0&hl=en&rclk=1,Hope Hospital,4.1,General hospital,,
https://www.google.com/maps/place/Mrityunjay+Hospital/data=!4m7!3m6!1s0x390c64fdb546de4d:0x6203ddd212eae4bf!8m2!3d28.9875536!4d77.706705!16s%2Fg%2F11b5phpcb2!19sChIJTd5Gtf1kDDkRv-TqEtLdA2I?authuser=0&hl=en&rclk=1,Mrityunjay Hospital,4.6,General hospital,0121 266 6510,
"https://www.google.com/maps/place/Nutema+Hospital,+Meerut/data=!4m7!3m6!1s0x390c7b519b72290d:0xd0276e6d8cf55cfd!8m2!3d28.9576037!4d77.7517472!16s%2Fg%2F11bxfpcyjm!19sChIJDSlym1F7DDkR_Vz1jG1uJ9A?authuser=0&hl=en&rclk=1","Nutema Hospital, Meerut",3.7,Hospital,096756 00666,https://www.nutemahospital.com/
https://www.google.com/maps/place/ADIYOGI+HOSPITAL+-+Advance+Surgical+Centre+%7C+Superspeciality+Hospital+%7C+Top+rated+Hospital+%7C+Best+Hospital/data=!4m7!3m6!1s0x390c65c43815cd6b:0xd32f2fbfa5d408c6!8m2!3d28.9698556!4d77.7352673!16s%2Fg%2F11jyfvc87n!19sChIJa80VOMRlDDkRxgjUpb8vL9M?authuser=0&hl=en&rclk=1,ADIYOGI HOSPITAL - Advance Surgical Centre | Superspeciality Hospital | Top rated Hospital | Best Hospital,4.6,Hospital,092581 21411,http://www.adiyogihospital.in/
"https://www.google.com/maps/place/Shree+Ram+Hospital+-+Best+Multispecialty+Hospital+in+Meerut+%7C+Panchakarma,+Urology,+ENT,+Orthopedics,+Nephrology+%26+Pediatrics/data=!4m7!3m6!1s0x390c6185a330585d:0x1df1d594439ae76a!8m2!3d28.9344641!4d77.6434061!16s%2Fg%2F11lsxzd9g2!19sChIJXVgwo4VhDDkRaueaQ5TV8R0?authuser=0&hl=en&rclk=1","Shree Ram Hospital - Best Multispecialty Hospital in Meerut | Panchakarma, Urology, ENT, Orthopedics, Nephrology & Pediatrics",4.8,Private hospital,095369 01231,https://www.srahospital.com/
https://www.google.com/maps/place/DP+Hospital+%7C+best+hospital+in+meerut/data=!4m7!3m6!1s0x390c7bc56c951b67:0xd20a5399134bc992!8m2!3d28.9521766!4d77.7583953!16s%2Fg%2F11q1rdk5v8!19sChIJZxuVbMV7DDkRkslLE5lTCtI?authuser=0&hl=en&rclk=1,DP Hospital | best hospital in meerut,4.3,Hospital,096279 29084,
https://www.google.com/maps/place/Anand+Hospital/data=!4m7!3m6!1s0x390c7b5275d7bc55:0x90d9aa7a9c56056d!8m2!3d28.9616986!4d77.7463143!16s%2Fg%2F1xg5r17n!19sChIJVbzXdVJ7DDkRbQVWnHqq2ZA?authuser=0&hl=en&rclk=1,Anand Hospital,3.8,General hospital,075057 84498,http://www.anandhospital.com/
https://www.google.com/maps/place/Pyare+Lal+Sharma+District+Hospital/data=!4m7!3m6!1s0x390c64f8a2685b45:0x7e77410639e73f58!8m2!3d28.9820746!4d77.6998905!16s%2Fg%2F1hc75pg2_!19sChIJRVtoovhkDDkRWD_nOQZBd34?authuser=0&hl=en&rclk=1,Pyare Lal Sharma District Hospital,3.6,Hospital,094106 09434,
https://www.google.com/maps/place/KMC+Hospital/data=!4m7!3m6!1s0x390c6424271b44bb:0xc2c5c774aee1973!8m2!3d28.972817!4d77.6889956!16s%2Fg%2F1tgnvlqv!19sChIJu0QbJyRkDDkRcxnuSndcLAw?authuser=0&hl=en&rclk=1,KMC Hospital,3.8,General hospital,095573 16311,https://kmcmedicare.com/
https://www.google.com/maps/place/Life+Line+Hospital+%28Dr.+T.K+Rana%29/data=!4m7!3m6!1s0x390c658f85e90d45:0x9b43cb626221e816!8m2!3d29.0250188!4d77.6874848!16s%2Fg%2F11c1_w3kdz!19sChIJRQ3phY9lDDkRFughYmLLQ5s?authuser=0&hl=en&rclk=1,Life Line Hospital (Dr. T.K Rana),4.3,Hospital,098970 83211,https://www.justdial.com/Meerut/Life-Line-Hospital-Near-Natraj-Cinema-Kanker-Khera/9999PX121-X121-101219173423-C1I6DC_BZDET
https://www.google.com/maps/place/Sudha+Hospital+%26+Trauma+Center/data=!4m7!3m6!1s0x390c659cf8aa7dad:0xd119a5e259a81d0b!8m2!3d28.961063!4d77.732768!16s%2Fg%2F11fn4jm8x1!19sChIJrX2q-JxlDDkRCx2oWeKlGdE?authuser=0&hl=en&rclk=1,Sudha Hospital & Trauma Center,4.7,Private hospital,096349 16901,http://sudhahospitalmeerut.com/
https://www.google.com/maps/place/Jaswant+Rai+Speciality+Hospital/data=!4m7!3m6!1s0x390c65b9b17ab5b9:0x2a4524275556f403!8m2!3d28.9919086!4d77.7228958!16s%2Fg%2F11hd_xbnk5!19sChIJubV6sbllDDkRA_RWVSckRSo?authuser=0&hl=en&rclk=1,Jaswant Rai Speciality Hospital,2.9,Hospital,,https://jaswantraihospital.in/
https://www.google.com/maps/place/Sanford+hospital/data=!4m7!3m6!1s0x390c65b75ba22ec3:0x442f972d23b29d41!8m2!3d28.9589898!4d77.7282017!16s%2Fg%2F11rv3jn6tk!19sChIJwy6iW7dlDDkRQZ2yIy2XL0Q?authuser=0&hl=en&rclk=1,Sanford hospital,4.3,Hospital,074560 70363,
https://www.google.com/maps/place/EVES+Hospital+Meerut/data=!4m7!3m6!1s0x390c6526803493e5:0x4f26ff4306484f1c!8m2!3d28.9814957!4d77.7087836!16s%2Fg%2F11fn2rtkwn!19sChIJ5ZM0gCZlDDkRHE9IBkP_Jk8?authuser=0&hl=en&rclk=1,EVES Hospital Meerut,4,Hospital,074550 21016,
https://www.google.com/maps/place/Om+Trauma+%26+Neuro+Hospital/data=!4m7!3m6!1s0x390c7b527696cb57:0x76d925e90301bb98!8m2!3d28.9592649!4d77.7488423!16s%2Fg%2F11cjj61wwz!19sChIJV8uWdlJ7DDkRmLsBA-kl2XY?authuser=0&hl=en&rclk=1,Om Trauma & Neuro Hospital,4.3,Private hospital,0121 430 3836,
https://www.google.com/maps/place/Prem+Hospital+%7C+Best+IVF+Hospital+in+Meerut+%7C+Laparoscopic+surgeon+Meerut+%7C+Best+gynecologist+in+Meerut+%7C+Pediatric+surgeon/data=!4m7!3m6!1s0x390c637aac9b3567:0x337cef267d8676eb!8m2!3d28.9438939!4d77.6798116!16s%2Fg%2F11v0j5gm39!19sChIJZzWbrHpjDDkR63aGfSbvfDM?authuser=0&hl=en&rclk=1,Prem Hospital | Best IVF Hospital in Meerut | Laparoscopic surgeon Meerut | Best gynecologist in Meerut | Pediatric surgeon,4.9,Hospital,070807 08010,http://www.premhospitals.com/
https://www.google.com/maps/place/Tomar+Hospital/data=!4m7!3m6!1s0x390c7b4d5abaaf9b:0x86f3a19c336c3c18!8m2!3d28.9603002!4d77.7462349!16s%2Fg%2F11d_9kdc5n!19sChIJm6-6Wk17DDkRGDxsM5yh84Y?authuser=0&hl=en&rclk=1,Tomar Hospital,4.5,Hospital,070551 00884,
https://www.google.com/maps/place/IIMT+Life+Line+Hospital/data=!4m7!3m6!1s0x390c7ad9334fd56d:0xfa301d2676e08de2!8m2!3d28.9993578!4d77.7623694!16s%2Fg%2F11ck3p9rlv!19sChIJbdVPM9l6DDkR4o3gdiYdMPo?authuser=0&hl=en&rclk=1,IIMT Life Line Hospital,4.2,Hospital,0121 279 3610,http://iimtlifeline.com/contact.html
https://www.google.com/maps/place/Santosh+Hospital+-+Heart+Center+in+Meerut+%7C+Multi+Superspeciality+in+Meerut/data=!4m7!3m6!1s0x390c64bae555551f:0x96d887381789c57a!8m2!3d28.9464061!4d77.7237026!16s%2Fg%2F124yln8bp!19sChIJH1VV5bpkDDkResWJFziH2JY?authuser=0&hl=en&rclk=1,Santosh Hospital - Heart Center in Meerut | Multi Superspeciality in Meerut,4.1,Hospital,0121 270 9002,
https://www.google.com/maps/place/Vedant+Hospital+Meerut/data=!4m7!3m6!1s0x390c65ea253fd0b3:0x1eebfff8fa2fa69a!8m2!3d28.9619181!4d77.7406008!16s%2Fg%2F11ryz1dgq3!19sChIJs9A_JeplDDkRmqYv-vj_6x4?authuser=0&hl=en&rclk=1,Vedant Hospital Meerut,4.6,Hospital,090272 18113,http://www.d2dnews.com/business-detail.aspx?i=a17e6bda-39e7-4887-8a9b-40418c31ae4e
https://www.google.com/maps/place/Ajay+Hospital/data=!4m7!3m6!1s0x390c7b59adb34e51:0xd6a59b07baa63400!8m2!3d28.9523248!4d77.7590019!16s%2Fg%2F1hm59jvyn!19sChIJUU6zrVl7DDkRADSmugebpdY?authuser=0&hl=en&rclk=1,Ajay Hospital,3.6,Hospital,0121 260 0028,http://www.ajayhospital.com/
https://www.google.com/maps/place/Bhagya+Shree+Hospital+and+Trauma+Centre/data=!4m7!3m6!1s0x390c64b719cfffff:0x21a564002789e76f!8m2!3d28.9659986!4d77.7358438!16s%2Fg%2F1hm54hqq7!19sChIJ___PGbdkDDkRb-eJJwBkpSE?authuser=0&hl=en&rclk=1,Bhagya Shree Hospital and Trauma Centre,3.4,General hospital,,
https://www.google.com/maps/place/S+S+Hospital/data=!4m7!3m6!1s0x390c7b81ff228f9f:0x8336c4b0666d223f!8m2!3d28.9545949!4d77.7562433!16s%2Fg%2F11tsnxw701!19sChIJn48i_4F7DDkRPyJtZrDENoM?authuser=0&hl=en&rclk=1,S S Hospital,5,Hospital,,
https://www.google.com/maps/place/Navjeevan+Hospital/data=!4m7!3m6!1s0x390c64b7c11cedfb:0xe61622a0124d33f3!8m2!3d28.968785!4d77.7354253!16s%2Fg%2F11hc_801ld!19sChIJ--0cwbdkDDkR8zNNEqAiFuY?authuser=0&hl=en&rclk=1,Navjeevan Hospital,3.5,Hospital,076681 91449,
https://www.google.com/maps/place/Vardhman+Hospital/data=!4m7!3m6!1s0x390c64bb218f1f87:0xdda40af470c72741!8m2!3d28.958743!4d77.729917!16s%2Fg%2F11cp1l1403!19sChIJhx-PIbtkDDkRQSfHcPQKpN0?authuser=0&hl=en&rclk=1,Vardhman Hospital,3.8,General hospital,070556 03622,http://vardhmanhospitalmeerut.in/
https://www.google.com/maps/place/Divyajyoti+Hospital/data=!4m7!3m6!1s0x390c7acd17b3aab3:0xebcd4493c7d4d20b!8m2!3d29.0075093!4d77.7470647!16s%2Fg%2F12646gr38!19sChIJs6qzF816DDkRC9LUx5NEzes?authuser=0&hl=en&rclk=1,Divyajyoti Hospital,3.7,General hospital,0121 262 0888,
https://www.google.com/maps/place/Meerut+Kidney+Hospital/data=!4m7!3m6!1s0x390c64db1d6fabed:0x56cb33ad6bc4ccda!8m2!3d28.9830592!4d77.7309026!16s%2Fg%2F124yg15p9!19sChIJ7atvHdtkDDkR2szEa60zy1Y?authuser=0&hl=en&rclk=1,Meerut Kidney Hospital,3.9,Hospital,0121 267 2022,
"https://www.google.com/maps/place/Narayan+hospital,+garh+road+,Meerut/data=!4m7!3m6!1s0x390c7bc7bf4b51c3:0xa53c58385f234b0a!8m2!3d28.9514893!4d77.7598553!16s%2Fg%2F11s5bntvz3!19sChIJw1FLv8d7DDkRCksjXzhYPKU?authuser=0&hl=en&rclk=1","Narayan hospital, garh road ,Meerut",4.8,Hospital,075360 00036,
https://www.google.com/maps/place/Yashlok+Hospital+-+Best+Medical+Services+in+Meerut+%7C+Best+Gynae+Laparoscopic+Surgeon+in+Meerut/data=!4m7!3m6!1s0x390c64e378778e3f:0xca17056191247eeb!8m2!3d28.985908!4d77.7136348!16s%2Fg%2F1261_1l2x!19sChIJP453eONkDDkR634kkWEFF8o?authuser=0&hl=en&rclk=1,Yashlok Hospital - Best Medical Services in Meerut | Best Gynae Laparoscopic Surgeon in Meerut,3.6,Urology clinic,0121 264 9525,https://www.yashlokhospitals.in/
https://www.google.com/maps/place/Jagat+Hospital+and+Research+Centre./data=!4m7!3m6!1s0x390c65ce3d88453f:0x986daf12c0511747!8m2!3d28.969829!4d77.7234403!16s%2Fg%2F11gr2z_5lq!19sChIJP0WIPc5lDDkRRxdRwBKvbZg?authuser=0&hl=en&rclk=1,Jagat Hospital and Research Centre.,3.6,Hospital,097191 22280,
https://www.google.com/maps/place/kailashi+super+speciality+hospital+%26+blood+bank/data=!4m7!3m6!1s0x390c6408eaaaaaeb:0xb556089e5f7bc760!8m2!3d29.0298895!4d77.6710537!16s%2Fg%2F11b6_zs6s4!19sChIJ66qq6ghkDDkRYMd7X54IVrU?authuser=0&hl=en&rclk=1,kailashi super speciality hospital & blood bank,3.8,Hospital,070551 15002,
https://www.google.com/maps/place/Future+Plus+Multi-Super+Speciality+Hospital/data=!4m7!3m6!1s0x390c6fb11044e20f:0xac946fec1546dbb1!8m2!3d29.0645519!4d77.7113069!16s%2Fg%2F11m_gydwx8!19sChIJD-JEELFvDDkRsdtGFexvlKw?authuser=0&hl=en&rclk=1,Future Plus Multi-Super Speciality Hospital,4.1,Hospital,098370 24991,https://www.futureplushospital.in/
https://www.google.com/maps/place/Hayat+Hospital+Meerut/data=!4m7!3m6!1s0x390c659b82057131:0x5715542bde18df9e!8m2!3d28.9526654!4d77.7234566!16s%2Fg%2F11twjlnc6d!19sChIJMXEFgptlDDkRnt8Y3itUFVc?authuser=0&hl=en&rclk=1,Hayat Hospital Meerut,4.3,Hospital,089541 54588,
https://www.google.com/maps/place/Jindal+Hospital/data=!4m7!3m6!1s0x390c64fb096abbb9:0x52394f9dbfadfa95!8m2!3d28.9829159!4d77.7079076!16s%2Fg%2F12lv1_rxh!19sChIJubtqCftkDDkRlfqtv51POVI?authuser=0&hl=en&rclk=1,Jindal Hospital,4.4,Hospital,0121 400 0444,http://www.jindalhospital.org/
https://www.google.com/maps/place/Sushila+Jaswantrai+Maternity+%26+General+Hospital/data=!4m7!3m6!1s0x390c64dff104d555:0x87be365b87ec34da!8m2!3d28.9911582!4d77.7230747!16s%2Fg%2F1tj1qg30!19sChIJVdUE8d9kDDkR2jTsh1s2voc?authuser=0&hl=en&rclk=1,Sushila Jaswantrai Maternity & General Hospital,2.9,Hospital,0121 266 3887,https://jaswantraihospital.in/
https://www.google.com/maps/place/Dhanvantri+Jeevan+Rekha+hospital/data=!4m7!3m6!1s0x390c64dfaca9c4f9:0xefc7be0ea3945647!8m2!3d28.9891351!4d77.7248275!16s%2Fg%2F124yhy33l!19sChIJ-cSprN9kDDkRR1aUow6-x-8?authuser=0&hl=en&rclk=1,Dhanvantri Jeevan Rekha hospital,3.4,General hospital,011 2996 1284,http://www.djrl.org.in/
"https://www.google.com/maps/place/Metro+Hospital+%26+Heart+Institute,+Meerut+UP+%7C+Best+Heart+Hospital+in+Meerut,+Uttar+Pradesh/data=!4m7!3m6!1s0x399957edcd4b4959:0x541b6b990d9da976!8m2!3d28.9962847!4d77.7085658!16s%2Fg%2F1tf194sl!19sChIJWUlLze1XmTkRdqmdDZlrG1Q?authuser=0&hl=en&rclk=1","Metro Hospital & Heart Institute, Meerut UP | Best Heart Hospital in Meerut, Uttar Pradesh",4,Hospital,0121 266 5041,https://www.metrohospitals.com/hospital/metro-hospital-and-heart-institute-meerut-up/
https://www.google.com/maps/place/Jeevan+Hospital/data=!4m7!3m6!1s0x390c65c329f15291:0x30870cc68332db56!8m2!3d28.9660413!4d77.7369142!16s%2Fg%2F11jylmcbth!19sChIJkVLxKcNlDDkRVtsyg8YMhzA?authuser=0&hl=en&rclk=1,Jeevan Hospital,4.2,Hospital,089587 24418,
https://www.google.com/maps/place/j+p+hospital/data=!4m7!3m6!1s0x390c6566ef123567:0x7396d28eca9bc757!8m2!3d28.9910497!4d77.7285668!16s%2Fg%2F11fsxcvtzg!19sChIJZzUS72ZlDDkRV8ebyo7SlnM?authuser=0&hl=en&rclk=1,j p hospital,3.6,Hospital,,
https://www.google.com/maps/place/Siddhi+Vinayaka+Medical+Centre/data=!4m7!3m6!1s0x390c7b52170e51c7:0x5ef4912cb1f2168f!8m2!3d28.9592084!4d77.7484111!16s%2Fg%2F1hc1dh7g2!19sChIJx1EOF1J7DDkRjxbysSyR9F4?authuser=0&hl=en&rclk=1,Siddhi Vinayaka Medical Centre,4.5,General hospital,092580 63686,https://www.siddhivinayaka.org/
https://www.google.com/maps/place/Meerut+Critical+Care+Hospital/data=!4m7!3m6!1s0x390c635f8a56844d:0xfbc44fd0b8c31c60!8m2!3d28.9458276!4d77.7240541!16s%2Fg%2F11g6yy91ff!19sChIJTYRWil9jDDkRYBzDuNBPxPs?authuser=0&hl=en&rclk=1,Meerut Critical Care Hospital,3,Hospital,074550 00208,
https://www.google.com/maps/place/MEDWIN+HOSPITAL/data=!4m7!3m6!1s0x390c65b3c15fae8b:0x70d8563f7fd546!8m2!3d28.9716928!4d77.7170763!16s%2Fg%2F11f6ks8g2g!19sChIJi65fwbNlDDkRRtV_P1bYcAA?authuser=0&hl=en&rclk=1,MEDWIN HOSPITAL,3.2,Hospital,,
https://www.google.com/maps/place/Kotpal+Hospital+-+Best+Gynecology+Hospital+in+Meerut/data=!4m7!3m6!1s0x390c6fa33ed9d475:0x4cdbe6f2382dd6c1!8m2!3d29.0632516!4d77.7094876!16s%2Fg%2F11b868dlpg!19sChIJddTZPqNvDDkRwdYtOPLm20w?authuser=0&hl=en&rclk=1,Kotpal Hospital - Best Gynecology Hospital in Meerut,4.8,Hospital,099171 02222,https://www.kotpalhospital.in/
https://www.google.com/maps/place/Jagdamba+Hospital/data=!4m7!3m6!1s0x390c64a013eece85:0x330c78e4ff228c7e!8m2!3d28.9470392!4d77.7234864!16s%2Fg%2F124yk0g3j!19sChIJhc7uE6BkDDkRfowi_-R4DDM?authuser=0&hl=en&rclk=1,Jagdamba Hospital,4.3,Hospital,,
https://www.google.com/maps/place/Anandit+Hospital+in+Shastri+Nagar+Meerut/data=!4m7!3m6!1s0x390c64a4610100c7:0xdbf606493dbd111c!8m2!3d28.954965!4d77.729237!16s%2Fg%2F124t1rs28!19sChIJxwABYaRkDDkRHBG9PUkG9ts?authuser=0&hl=en&rclk=1,Anandit Hospital in Shastri Nagar Meerut,3.7,Maternity Centre,0121 276 3411,
https://www.google.com/maps/place/I.P.+Hospital/data=!4m7!3m6!1s0x390c64f5c3c40c71:0x8cc34be1707a8b9c!8m2!3d28.971557!4d77.7010466!16s%2Fg%2F11fyx5gsbj!19sChIJcQzEw_VkDDkRnIt6cOFLw4w?authuser=0&hl=en&rclk=1,I.P. Hospital,3.8,Hospital,082185 78282,http://www.d2dnews.com/business-detail.aspx?i=d233cf5c-3767-430f-886c-f0f46e413d86
https://www.google.com/maps/place/Alpha+Hospital/data=!4m7!3m6!1s0x390c65c9a0122079:0xf52a40f9e3d17ef5!8m2!3d28.968785!4d77.7354253!16s%2Fg%2F11t3_4z3zr!19sChIJeSASoMllDDkR9X7R4_lAKvU?authuser=0&hl=en&rclk=1,Alpha Hospital,4.2,Hospital,093689 38012,
https://www.google.com/maps/place/M+S+GLOBAL+HOSPITAL/data=!4m7!3m6!1s0x390c7b06faf05cb5:0x1429f847dd15cba!8m2!3d28.9526917!4d77.7577202!16s%2Fg%2F11rsdkg2bs!19sChIJtVzw-gZ7DDkRulzRfYSfQgE?authuser=0&hl=en&rclk=1,M S GLOBAL HOSPITAL,4.4,Hospital,072520 99199,http://www.d2dnews.com/business-detail.aspx?i=74539dd6-55ad-44fb-a21b-5c50d2fb8977
https://www.google.com/maps/place/Nagar+Hospital/data=!4m7!3m6!1s0x390c7b80b72be41b:0x45e4d4483b16ddb3!8m2!3d28.9598583!4d77.7472614!16s%2Fg%2F11h55ndtw6!19sChIJG-Qrt4B7DDkRs90WO0jU5EU?authuser=0&hl=en&rclk=1,Nagar Hospital,3.6,Hospital,097591 24483,
https://www.google.com/maps/place/SM+Hospital/data=!4m7!3m6!1s0x390c64b30026b6f5:0x3e3afd728763eac7!8m2!3d28.9621095!4d77.7438957!16s%2Fg%2F11b7719vm2!19sChIJ9bYmALNkDDkRx-pjh3L9Oj4?authuser=0&hl=en&rclk=1,SM Hospital,3.9,Hospital,086505 54433,http://www.smhospitalivf.com/
https://www.google.com/maps/place/Surya+Multispecialist+Hospital+%26+Trauma+Center/data=!4m7!3m6!1s0x390c7ac89c83dfdd:0xbe977f9bc5f85dea!8m2!3d29.0140444!4d77.7563113!16s%2Fg%2F1262mp1lx!19sChIJ3d-DnMh6DDkR6l34xZt_l74?authuser=0&hl=en&rclk=1,Surya Multispecialist Hospital & Trauma Center,4.3,Hospital,0121 262 3300,
https://www.google.com/maps/place/Jeevak+Hospital/data=!4m7!3m6!1s0x390c7b8e47d3358b:0xa567af5057c80d21!8m2!3d28.9603512!4d77.746306!16s%2Fg%2F11t1h43r26!19sChIJizXTR457DDkRIQ3IV1CvZ6U?authuser=0&hl=en&rclk=1,Jeevak Hospital,4.5,Hospital,095208 87971,http://www.d2dnews.com/business-detail.aspx?i=85be8a90-275c-4ea6-baf4-2d7341794f39
https://www.google.com/maps/place/Sirohi+Hospital-Best+Maternity+Hospital+in+Meerut%2FTrauma+Center+in+Meerut/data=!4m7!3m6!1s0x390c6424e87922e3:0xf5577e718eba9eba!8m2!3d28.9711067!4d77.6633961!16s%2Fg%2F11b7q2glr9!19sChIJ4yJ56CRkDDkRup66jnF-V_U?authuser=0&hl=en&rclk=1,Sirohi Hospital-Best Maternity Hospital in Meerut/Trauma Center in Meerut,3.7,Hospital,080579 07150,http://sirohihospital.in/
https://www.google.com/maps/place/Reeta+Multi+Speciality+Hospital+%26+Trauma+Centre/data=!4m7!3m6!1s0x390c667984cc207d:0x47b9d384df1dfe51!8m2!3d28.9954495!4d77.6463078!16s%2Fg%2F126228f3y!19sChIJfSDMhHlmDDkRUf4d34TTuUc?authuser=0&hl=en&rclk=1,Reeta Multi Speciality Hospital & Trauma Centre,3.5,Hospital,099270 73377,
https://www.google.com/maps/place/Mimhans+neuro+Hospital/data=!4m7!3m6!1s0x390c657d9fd65657:0x58b4f14e0df2f38a!8m2!3d28.9676695!4d77.7363369!16s%2Fg%2F11tgdvkgk3!19sChIJV1bWn31lDDkRivPyDU7xtFg?authuser=0&hl=en&rclk=1,Mimhans neuro Hospital,3,Hospital,,
https://www.google.com/maps/place/Apusnova+Multispeciality+Hospital+%26+Trauma+Center/data=!4m7!3m6!1s0x390c7acc7fa8b8b7:0xd97a6562fee4f54!8m2!3d29.0111687!4d77.7482298!16s%2Fg%2F11b6js2zx1!19sChIJt7iof8x6DDkRVE_uL1amlw0?authuser=0&hl=en&rclk=1,Apusnova Multispeciality Hospital & Trauma Center,2.9,Hospital,091526 17880,https://apusnovahospital.org/
https://www.google.com/maps/place/Bharat+Hospital+%26+Trauma+Centre/data=!4m7!3m6!1s0x390c64b73b90393d:0x3edc35176107f3c3!8m2!3d28.9649105!4d77.7373718!16s%2Fg%2F11b8_nglsj!19sChIJPTmQO7dkDDkRw_MHYRc13D4?authuser=0&hl=en&rclk=1,Bharat Hospital & Trauma Centre,3.7,Hospital,0121 402 7308,
"https://www.google.com/maps/place/J+P+Healthcare+Hospital,+Rohta+Road,+Meerut/data=!4m7!3m6!1s0x390c651e1ff747a9:0xe8014e435473b69a!8m2!3d28.9868653!4d77.6680448!16s%2Fg%2F11qq6v4h01!19sChIJqUf3Hx5lDDkRmrZzVENOAeg?authuser=0&hl=en&rclk=1","J P Healthcare Hospital, Rohta Road, Meerut",4.5,Hospital,0121 268 2055,
https://www.google.com/maps/place/silver+cross+hospital/data=!4m7!3m6!1s0x390c7beafaf03229:0x47cfcf33912e7acf!8m2!3d28.9612006!4d77.7456659!16s%2Fg%2F11g0hblhs2!19sChIJKTLw-up7DDkRz3oukTPPz0c?authuser=0&hl=en&rclk=1,silver cross hospital,3.7,Hospital,098376 51754,
https://www.google.com/maps/place/Bhupal+Hospital+%26+Research+Centre/data=!4m7!3m6!1s0x390c64fc39d4176d:0x3988384df12c011e!8m2!3d28.9862469!4d77.7063482!16s%2Fg%2F11j007wh07!19sChIJbRfUOfxkDDkRHgEs8U04iDk?authuser=0&hl=en&rclk=1,Bhupal Hospital & Research Centre,3,Hospital,,
https://www.google.com/maps/place/GREEN+HOSPITAL+AND+TRUMA+CENTER/data=!4m7!3m6!1s0x390c6496b38153a7:0x53208527cec717d7!8m2!3d28.9613351!4d77.716726!16s%2Fg%2F1hhl841k6!19sChIJp1OBs5ZkDDkR1xfHzieFIFM?authuser=0&hl=en&rclk=1,GREEN HOSPITAL AND TRUMA CENTER,4,Hospital,090128 88888,
https://www.google.com/maps/place/My+City+Hospital/data=!4m7!3m6!1s0x390c64938fd110c9:0x239d661544242775!8m2!3d28.9646766!4d77.7158319!16s%2Fg%2F1v_z78hv!19sChIJyRDRj5NkDDkRdSckRBVmnSM?authuser=0&hl=en&rclk=1,My City Hospital,4,Hospital,098370 39344,
https://www.google.com/maps/place/Aayushman+Hospital/data=!4m7!3m6!1s0x390c7b5293141641:0xdc24847557b2ff22!8m2!3d28.9598677!4d77.7472876!16s%2Fg%2F11fx_9drzw!19sChIJQRYUk1J7DDkRIv-yV3WEJNw?authuser=0&hl=en&rclk=1,Aayushman Hospital,3.6,Hospital,097197 70675,http://aayushmanhospitalmeerut.in/
https://www.google.com/maps/place/Indian+Hospital/data=!4m7!3m6!1s0x390c7bc87dfe1cd1:0x37f8492aaed059a6!8m2!3d28.9601635!4d77.7473017!16s%2Fg%2F11rr7fpy3s!19sChIJ0Rz-fch7DDkRplnQripJ-Dc?authuser=0&hl=en&rclk=1,Indian Hospital,3.8,Hospital,073106 32012,http://www.d2dnews.com/business-detail.aspx?i=81ac6781-a35a-4f18-b0f6-0de607811599
https://www.google.com/maps/place/BRAIN+WAVES+ORTHO+NEURO+REHAB+HOSPITAL/data=!4m7!3m6!1s0x390c659d95f020e9:0x3a86334756b50326!8m2!3d28.9673233!4d77.7369611!16s%2Fg%2F11kpdxrr1y!19sChIJ6SDwlZ1lDDkRJgO1Vkczhjo?authuser=0&hl=en&rclk=1,BRAIN WAVES ORTHO NEURO REHAB HOSPITAL,4.9,Hospital,082794 56223,
https://www.google.com/maps/place/Yug+Hospital/data=!4m7!3m6!1s0x390c658ef0fe0639:0x232b7b2be26848ee!8m2!3d28.9729814!4d77.7145845!16s%2Fg%2F11fr9n8rlg!19sChIJOQb-8I5lDDkR7kho4it7KyM?authuser=0&hl=en&rclk=1,Yug Hospital,3.7,Hospital,,
https://www.google.com/maps/place/SHUBHAM+HOSPITAL+AND+CHILD+CARE+CENTER/data=!4m7!3m6!1s0x390c65bb08498419:0x9831502dff7e4bc4!8m2!3d28.9988528!4d77.69613!16s%2Fg%2F1tgll8jl!19sChIJGYRJCLtlDDkRxEt-_y1QMZg?authuser=0&hl=en&rclk=1,SHUBHAM HOSPITAL AND CHILD CARE CENTER,4.2,Private hospital,092592 80612,http://www.shubhamhospitalmeerut.com/
https://www.google.com/maps/place/MANGAL+HOSPITAL/data=!4m7!3m6!1s0x390c653996f136b3:0xa1a3320cf99f1849!8m2!3d29.0330833!4d77.6810312!16s%2Fg%2F11qm6h02mq!19sChIJszbxljllDDkRSRif-Qwyo6E?authuser=0&hl=en&rclk=1,MANGAL HOSPITAL,3.3,Hospital,094571 30279,
https://www.google.com/maps/place/Vinod+Hospital/data=!4m7!3m6!1s0x390c64b8b67ba927:0x104ea8850a26e1a9!8m2!3d28.9681159!4d77.728426!16s%2Fg%2F1hm6cqm0j!19sChIJJ6l7trhkDDkRqeEmCoWoThA?authuser=0&hl=en&rclk=1,Vinod Hospital,3.8,Hospital,098374 55546,
https://www.google.com/maps/place/Sahara+Hospital/data=!4m7!3m6!1s0x390c64b725a14eff:0x9bd932adb8294fcc!8m2!3d28.9637766!4d77.7459265!16s%2Fg%2F11b7018nsy!19sChIJ_06hJbdkDDkRzE8puK0y2Zs?authuser=0&hl=en&rclk=1,Sahara Hospital,3.8,Hospital,092598 82404,
https://www.google.com/maps/place/Mangalam+Hospital/data=!4m7!3m6!1s0x390c6444635d6b21:0xa98240cf61ce0597!8m2!3d28.9718558!4d77.6847911!16s%2Fg%2F11bw677h31!19sChIJIWtdY0RkDDkRlwXOYc9Agqk?authuser=0&hl=en&rclk=1,Mangalam Hospital,3.8,Hospital,090273 40438,http://www.mangalamhospital.co.in/
https://www.google.com/maps/place/Mediverve+Hospital/data=!4m7!3m6!1s0x390c7b32db168315:0x3614445dfc4aea6c!8m2!3d28.9594519!4d77.7485801!16s%2Fg%2F11h2z8rpy8!19sChIJFYMW2zJ7DDkRbOpK_F1EFDY?authuser=0&hl=en&rclk=1,Mediverve Hospital,2.9,Hospital,078306 66616,
https://www.google.com/maps/place/SVBP+Hospital/data=!4m7!3m6!1s0x390c7b51b3677d39:0x9c00f22d5aa8409!8m2!3d28.9584203!4d77.7534145!16s%2Fg%2F1trvjt7_!19sChIJOX1ns1F7DDkRCYSq1SIPwAk?authuser=0&hl=en&rclk=1,SVBP Hospital,3.9,Hospital,,
https://www.google.com/maps/place/Dr+Darshan+Hospital+and+surgical+centre/data=!4m7!3m6!1s0x390c67dae3f2d6dd:0x7ac59c94ff5a2713!8m2!3d28.9981722!4d77.6485264!16s%2Fg%2F11j4xy2hgy!19sChIJ3dby49pnDDkREyda_5ScxXo?authuser=0&hl=en&rclk=1,Dr Darshan Hospital and surgical centre,4.2,Hospital,088649 52277,
https://www.google.com/maps/place/Rajeev+Hospital/data=!4m7!3m6!1s0x390c64af61b2a709:0xe894aa268a002f9d!8m2!3d28.9543063!4d77.7338964!16s%2Fg%2F11gf5_ft7x!19sChIJCaeyYa9kDDkRnS8AiiaqlOg?authuser=0&hl=en&rclk=1,Rajeev Hospital,4.1,Hospital,099276 71888,
https://www.google.com/maps/place/Hiralal+Hospital/data=!4m7!3m6!1s0x390c64fb5657f4db:0x53a35105cb641c81!8m2!3d28.9847604!4d77.7103922!16s%2Fg%2F124yc7gt6!19sChIJ2_RXVvtkDDkRgRxkywVRo1M?authuser=0&hl=en&rclk=1,Hiralal Hospital,3.9,Hospital,0121 264 2235,
"https://www.google.com/maps/place/St.+Luke%27s+Hospital,+Raza+Road+Meerut/data=!4m7!3m6!1s0x390c653873256b11:0xb0eb1fbbbe09b98c!8m2!3d28.9819482!4d77.7257951!16s%2Fg%2F11fm31k9_7!19sChIJEWslczhlDDkRjLkJvrsf67A?authuser=0&hl=en&rclk=1","St. Luke's Hospital, Raza Road Meerut",4.5,Medical Center,,
https://www.google.com/maps/place/Aastha+Hospital/data=!4m7!3m6!1s0x390c6424e9871ca9:0x4e2267206466dd7!8m2!3d28.9708201!4d77.6631934!16s%2Fg%2F11btvg9mt2!19sChIJqRyH6SRkDDkR121GBnIm4gQ?authuser=0&hl=en&rclk=1,Aastha Hospital,4.1,General hospital,0121 268 8734,http://www.d2dnews.com/business-detail.aspx?i=de9cfd2f-e493-4fd0-9836-e9e9df286105
https://www.google.com/maps/place/New+Meerut+Hospital/data=!4m7!3m6!1s0x390c64930cf25069:0x74f06722e9be4c8e!8m2!3d28.9657369!4d77.7150156!16s%2Fg%2F124t5vx0c!19sChIJaVDyDJNkDDkRjky-6SJn8HQ?authuser=0&hl=en&rclk=1,New Meerut Hospital,3.6,Hospital,,
https://www.google.com/maps/place/Muskan+Hospital/data=!4m7!3m6!1s0x390c64edcd24e97d:0xd5bb4fcc957c3ec4!8m2!3d28.9729172!4d77.7136925!16s%2Fg%2F11f0wjzlxd!19sChIJfekkze1kDDkRxD58lcxPu9U?authuser=0&hl=en&rclk=1,Muskan Hospital,3.5,Hospital,084395 59975,
https://www.google.com/maps/place/Meerut+Multispeciality+Hospital+%26+Trauma+Center/data=!4m7!3m6!1s0x390c7b59c5f95955:0xc0e7d572a25838c2!8m2!3d28.952741!4d77.7577126!16s%2Fg%2F11fzfb083x!19sChIJVVn5xVl7DDkRwjhYonLV58A?authuser=0&hl=en&rclk=1,Meerut Multispeciality Hospital & Trauma Center,4.7,Hospital,,
https://www.google.com/maps/place/Aysha+Hospital/data=!4m7!3m6!1s0x390c65b8f619e5e7:0xc8a8f5e9e4a712bc!8m2!3d28.9749832!4d77.6928762!16s%2Fg%2F11sthhs8nl!19sChIJ5-UZ9rhlDDkRvBKn5On1qMg?authuser=0&hl=en&rclk=1,Aysha Hospital,5,Hospital,097205 35436,
https://www.google.com/maps/place/Ganpati+Hospital+%26+Trama+Center/data=!4m7!3m6!1s0x390c6554635d22b7:0xe852c6bc049eb430!8m2!3d28.9705602!4d77.6610838!16s%2Fg%2F11h1pk5fxj!19sChIJtyJdY1RlDDkRMLSeBLzGUug?authuser=0&hl=en&rclk=1,Ganpati Hospital & Trama Center,4,Hospital,070553 80196,
https://www.google.com/maps/place/Bhupal+Hospital/data=!4m7!3m6!1s0x390c65021165ba3b:0x4620d9293ebfc4f0!8m2!3d28.9911791!4d77.7060286!16s%2Fg%2F124ymfc3g!19sChIJO7plEQJlDDkR8MS_PinZIEY?authuser=0&hl=en&rclk=1,Bhupal Hospital,3.8,Hospital,0121 264 0309,
https://www.google.com/maps/place/Kailash+Hospital+%26+Maternity+Home/data=!4m7!3m6!1s0x390c643b30a01b8d:0xc56de8d02c91197e!8m2!3d28.9716022!4d77.679275!16s%2Fg%2F11fyzcypbb!19sChIJjRugMDtkDDkRfhmRLNDobcU?authuser=0&hl=en&rclk=1,Kailash Hospital & Maternity Home,3.9,Hospital,098370 39620,http://www.d2dnews.com/business-detail.aspx?i=7448bc71-b92e-4abb-b3d1-af7f9fed9cb2
https://www.google.com/maps/place/Sarvhit+Hospital/data=!4m7!3m6!1s0x390c6f9bb62c8599:0x2674c4d9187b97e0!8m2!3d29.0519732!4d77.7074913!16s%2Fg%2F1v76y02s!19sChIJmYUstptvDDkR4Jd7GNnEdCY?authuser=0&hl=en&rclk=1,Sarvhit Hospital,3.8,General hospital,099273 97281,
https://www.google.com/maps/place/Jeevan+Prakash+Hospital/data=!4m7!3m6!1s0x390c650b9dabb0a7:0xfd8ce14aa268622b!8m2!3d28.9708289!4d77.6629484!16s%2Fg%2F11s5yjfhdz!19sChIJp7CrnQtlDDkRK2JookrhjP0?authuser=0&hl=en&rclk=1,Jeevan Prakash Hospital,4.7,Hospital,087914 21012,
https://www.google.com/maps/place/Ashutosh+Nursing+Home/data=!4m7!3m6!1s0x390c658ba0e78469:0x83a9a7c8fbcf658c!8m2!3d29.0297261!4d77.679699!16s%2Fg%2F11b7cfd2xy!19sChIJaYTnoItlDDkRjGXP-8inqYM?authuser=0&hl=en&rclk=1,Ashutosh Nursing Home,4.1,Hospital,0121 263 0201,
https://www.google.com/maps/place/Meera+jain+hospital/data=!4m7!3m6!1s0x390c651c1f2ecaf1:0x5b1794d08134a587!8m2!3d28.9955688!4d77.7159232!16s%2Fg%2F11b72ldy67!19sChIJ8couHxxlDDkRh6U0gdCUF1s?authuser=0&hl=en&rclk=1,Meera jain hospital,3.8,Hospital,,
https://www.google.com/maps/place/Capital+Hospital/data=!4m7!3m6!1s0x390c654e38e776c5:0x6babfa70cd738537!8m2!3d28.9483545!4d77.7229042!16s%2Fg%2F11fjtq2j_9!19sChIJxXbnOE5lDDkRN4VzzXD6q2s?authuser=0&hl=en&rclk=1,Capital Hospital,3.2,Hospital,0121 270 9999,http://www.capitalhospitl.in/
https://www.google.com/maps/place/Dr+Sapna+Maternity+Hospital/data=!4m7!3m6!1s0x390c64c7bc82a1a1:0x52f56a570cfc9210!8m2!3d28.9714574!4d77.7319858!16s%2Fg%2F11c1q8fh40!19sChIJoaGCvMdkDDkREJL8DFdq9VI?authuser=0&hl=en&rclk=1,Dr Sapna Maternity Hospital,4.2,Hospital,,
https://www.google.com/maps/place/Meerut+Cantt+General+Hospital/data=!4m7!3m6!1s0x390c65016bb8dc95:0xd4698071d261315c!8m2!3d28.9939164!4d77.7044209!16s%2Fg%2F119wkw61y!19sChIJldy4awFlDDkRXDFh0nGAadQ?authuser=0&hl=en&rclk=1,Meerut Cantt General Hospital,3.6,Hospital,,
"https://www.google.com/maps/place/Dr+Ankur+Gupta+-+KANAG+ENT,+Meerut/data=!4m7!3m6!1s0x390c651ea2786a71:0xe6a79892cd7f5ea1!8m2!3d28.9956987!4d77.717043!16s%2Fg%2F11b7hkx4s7!19sChIJcWp4oh5lDDkRoV5_zZKYp-Y?authuser=0&hl=en&rclk=1","Dr Ankur Gupta - KANAG ENT, Meerut",4.5,Hospital,099978 11114,https://kanagent.com/
https://www.google.com/maps/place/Devlok+Hospital/data=!4m7!3m6!1s0x390c64ea4582cd27:0x13c55c9a1483b4a!8m2!3d28.9724953!4d77.7202645!16s%2Fg%2F11f10dsyk3!19sChIJJ82CRepkDDkRSjtIoclVPAE?authuser=0&hl=en&rclk=1,Devlok Hospital,4.5,Private hospital,094122 00001,http://www.d2dnews.com/business-detail.aspx?i=396db0fd-f307-430c-a95a-afa24048c6e3
https://www.google.com/maps/place/Life+Anand+Hospital/data=!4m7!3m6!1s0x390c64efe365190d:0x1a6be9be90abd82f!8m2!3d28.978271!4d77.7113175!16s%2Fg%2F11f0394c8r!19sChIJDRll4-9kDDkRL9irkL7paxo?authuser=0&hl=en&rclk=1,Life Anand Hospital,3.4,Hospital,,
https://www.google.com/maps/place/Shubhkamna+Hospital/data=!4m7!3m6!1s0x390c6498b10c157f:0xa38d6f7543f4cc16!8m2!3d28.9520166!4d77.7214307!16s%2Fg%2F11g8fwbz2h!19sChIJfxUMsZhkDDkRFsz0Q3VvjaM?authuser=0&hl=en&rclk=1,Shubhkamna Hospital,4,Hospital,081263 33662,
https://www.google.com/maps/place/Saras+Hospital/data=!4m7!3m6!1s0x390c64b71198db83:0x7ffa3c79be648847!8m2!3d28.9472697!4d77.7514225!16s%2Fg%2F1hm2q1z9m!19sChIJg9uYEbdkDDkRR4hkvnk8-n8?authuser=0&hl=en&rclk=1,Saras Hospital,2.9,Hospital,098370 21322,
https://www.google.com/maps/place/Subharti+Hospital+%26+Health+Center/data=!4m7!3m6!1s0x390c6428a44bafc7:0xc98194d1c40f2b67!8m2!3d28.9747003!4d77.65848!16s%2Fg%2F11g8nmg237!19sChIJx69LpChkDDkRZysPxNGUgck?authuser=0&hl=en&rclk=1,Subharti Hospital & Health Center,4,Hospital,,
https://www.google.com/maps/place/Sai+Hospital/data=!4m7!3m6!1s0x390c6414d54600eb:0x2a01e7bc1160ad0f!8m2!3d28.9720638!4d77.6766292!16s%2Fg%2F11bbxnr8rf!19sChIJ6wBG1RRkDDkRD61gEbznASo?authuser=0&hl=en&rclk=1,Sai Hospital,4.1,Hospital,0121 405 2555,
https://www.google.com/maps/place/Mahi+Mind+Centre/data=!4m7!3m6!1s0x390c656d8945a75d:0xdaee656481a41663!8m2!3d28.9668031!4d77.7362554!16s%2Fg%2F11k6kj90t9!19sChIJXadFiW1lDDkRYxakgWRl7to?authuser=0&hl=en&rclk=1,Mahi Mind Centre,4.6,Hospital,093689 61390,
https://www.google.com/maps/place/Upadhyay+Nursing+Home/data=!4m7!3m6!1s0x390c65062ef04959:0x4e89cc7a42971416!8m2!3d28.958585!4d77.737333!16s%2Fg%2F11j8m6w4n0!19sChIJWUnwLgZlDDkRFhSXQnrMiU4?authuser=0&hl=en&rclk=1,Upadhyay Nursing Home,4,Hospital,079839 03682,
https://www.google.com/maps/place/Namah+Neurocare+Center/data=!4m7!3m6!1s0x390c6528eb2e89fb:0xaa6a6937087f0606!8m2!3d28.9893978!4d77.7288981!16s%2Fg%2F11vc1s37f6!19sChIJ-4ku6yhlDDkRBgZ_CDdpaqo?authuser=0&hl=en&rclk=1,Namah Neurocare Center,4.9,Hospital,0121 350 0472,http://www.namahneuro.com/
https://www.google.com/maps/place/Dr+Tayal+Bhushan+Hospital/data=!4m7!3m6!1s0x390c654aa910e525:0x1d8a73600f4a155c!8m2!3d28.9591193!4d77.7495238!16s%2Fg%2F11t2v3h707!19sChIJJeUQqUplDDkRXBVKD2Bzih0?authuser=0&hl=en&rclk=1,Dr Tayal Bhushan Hospital,5,Hospital,089410 40509,
https://www.google.com/maps/place/Viraat+Hospital/data=!4m7!3m6!1s0x390c7d17820696e5:0x3990124d7c8ea5de!8m2!3d28.9488235!4d77.7635502!16s%2Fg%2F11k42s15q2!19sChIJ5ZYGghd9DDkR3qWOfE0SkDk?authuser=0&hl=en&rclk=1,Viraat Hospital,3.9,Hospital,,
https://www.google.com/maps/place/Care+Hospital/data=!4m7!3m6!1s0x390c6493ed15d7fd:0x6cdffede1ba70ce5!8m2!3d28.963815!4d77.7157653!16s%2Fg%2F11fz9wq8lq!19sChIJ_dcV7ZNkDDkR5QynG97-32w?authuser=0&hl=en&rclk=1,Care Hospital,4,Hospital,,http://www.carehospitals.com/
https://www.google.com/maps/place/Medical+Hospital/data=!4m7!3m6!1s0x390c6573c9b1cc2d:0xa13103cb2eb65eb7!8m2!3d28.9845678!4d77.7064149!16s%2Fg%2F11flr_f6h5!19sChIJLcyxyXNlDDkRt162LssDMaE?authuser=0&hl=en&rclk=1,Medical Hospital,4.2,Hospital,,
https://www.google.com/maps/place/Military+Hospital/data=!4m7!3m6!1s0x390c6452ea119981:0x7242561d9c89f73!8m2!3d28.9872682!4d77.6894486!16s%2Fg%2F1tgr_9k4!19sChIJgZkR6lJkDDkRc5_I2WElJAc?authuser=0&hl=en&rclk=1,Military Hospital,4.1,Military hospital,,
https://www.google.com/maps/place/Jawahar+Eye+Hospital/data=!4m7!3m6!1s0x390c64ffe4f1a20f:0xf3b3076839c32eaa!8m2!3d28.9891872!4d77.7000543!16s%2Fg%2F1tlmlq62!19sChIJD6Lx5P9kDDkRqi7DOWgHs_M?authuser=0&hl=en&rclk=1,Jawahar Eye Hospital,4.9,Hospital,080575 40005,http://www.jawahareyehospital.com/
https://www.google.com/maps/place/Prakash+Eye+Hospital+Meerut/data=!4m7!3m6!1s0x390c64b8516063a5:0x9e5e1c7927f41dd3!8m2!3d28.9663197!4d77.7311806!16s%2Fg%2F11bx560dg7!19sChIJpWNgUbhkDDkR0x30J3kcXp4?authuser=0&hl=en&rclk=1,Prakash Eye Hospital Meerut,4.8,Eye care center,078955 17715,http://www.prakasheyehospital.in/
https://www.google.com/maps/place/Neelkamal+Hospital+and+Aman+Test+Tube+Baby+Centre/data=!4m7!3m6!1s0x390c6494d0ffd7a7:0xe6d32ce59983e861!8m2!3d28.9679148!4d77.7191277!16s%2Fg%2F1tdzjydz!19sChIJp9f_0JRkDDkRYeiDmeUs0-Y?authuser=0&hl=en&rclk=1,Neelkamal Hospital and Aman Test Tube Baby Centre,4.6,Hospital,098972 05665,http://amanivf.com/
https://www.google.com/maps/place/ADM+hospital/data=!4m7!3m6!1s0x390c7b86e2029ddd:0x3359c28664e9d8fb!8m2!3d28.9621667!4d77.7477969!16s%2Fg%2F11fp8xjz5m!19sChIJ3Z0C4oZ7DDkR-9jpZIbCWTM?authuser=0&hl=en&rclk=1,ADM hospital,5,Hospital,063950 34073,
https://www.google.com/maps/place/KAYA+KALP+HOSPITAL+MEERUT/data=!4m7!3m6!1s0x390c6308000a6c95:0x13d812ef5459006e!8m2!3d28.9418919!4d77.6685514!16s%2Fg%2F11t862htcn!19sChIJlWwKAAhjDDkRbgBZVO8S2BM?authuser=0&hl=en&rclk=1,KAYA KALP HOSPITAL MEERUT,4.6,Private hospital,084398 56790,
https://www.google.com/maps/place/Shri+Bhushan+Hospital/data=!4m7!3m6!1s0x390c7c90162199f3:0xa2307fe977de6cc5!8m2!3d28.9383308!4d77.7783665!16s%2Fg%2F11ssrhrp1n!19sChIJ85khFpB8DDkRxWzed-l_MKI?authuser=0&hl=en&rclk=1,Shri Bhushan Hospital,4,General hospital,089795 46366,
https://www.google.com/maps/place/AASHIRWAD+HOSPITAL/data=!4m7!3m6!1s0x390c657d96e083ad:0x73658071c420eab8!8m2!3d28.9718632!4d77.6830006!16s%2Fg%2F11h335sdhr!19sChIJrYPgln1lDDkRuOogxHGAZXM?authuser=0&hl=en&rclk=1,AASHIRWAD HOSPITAL,3.6,Hospital,,
https://www.google.com/maps/place/Shivay+Hospital/data=!4m7!3m6!1s0x390c645bcb9d09d1:0x8375739d53e6e9f8!8m2!3d28.9744652!4d77.6925951!16s%2Fg%2F11gfdyk9y0!19sChIJ0Qmdy1tkDDkR-OnmU51zdYM?authuser=0&hl=en&rclk=1,Shivay Hospital,3.9,Hospital,099973 81218,
